{
  "images" : [
    {
      "idiom" : "universal",
      "scale" : "1x"
    },
    {
      "resizing" : {
        "mode" : "9-part",
        "center" : {
          "mode" : "tile",
          "width" : 1,
          "height" : 1
        },
        "cap-insets" : {
          "bottom" : 35,
          "top" : 34,
          "right" : 43,
          "left" : 32
        }
      },
      "idiom" : "universal",
      "filename" : "icon_sender_text_node_normal@2x.png",
      "scale" : "2x"
    },
    {
      "resizing" : {
        "mode" : "9-part",
        "center" : {
          "mode" : "tile",
          "width" : 1,
          "height" : 1
        },
        "cap-insets" : {
          "bottom" : 53,
          "top" : 52,
          "right" : 68,
          "left" : 52
        }
      },
      "idiom" : "universal",
      "filename" : "icon_sender_text_node_normal@3x.png",
      "scale" : "3x"
    }
  ],
  "info" : {
    "version" : 1,
    "author" : "xcode"
  }
}